CREATE TABLE dances (
  id int PRIMARY KEY,
  recital_group int check (recital_group IN (1, 2, 3)) null,
  class_time text,
  dance text,
  choreography text,
  song text,
  artist text,
  spectapular int check (spectapular IN (0, 1))
);

CREATE TABLE dancers (
  name text PRIMARY KEY
);

CREATE TABLE dance_dancers (
  dance_id int not null,
  dancer text not null
);

CREATE TABLE recital_group_orders (
  id int PRIMARY KEY,
  recital_group int check (recital_group IN (1, 2, 3)) null,
  dance_id int,
  previous_dance_id int
);

CREATE TABLE recitals (
  id int PRIMARY KEY,
  recital_group_part_1 int check (recital_group_part_1 IN (1, 2, 3)) null,
  recital_group_part_2 int check (recital_group_part_2 IN (1, 2, 3)) null,
  baby_dance_ids text
);

INSERT INTO recitals (id, recital_group_part_1, recital_group_part_2, baby_dance_ids) VALUES (1, 1, 2, '30,31,32,33');
INSERT INTO recitals (id, recital_group_part_1, recital_group_part_2, baby_dance_ids) VALUES (2, 2, 3, '34,35,36,37,38,39');
INSERT INTO recitals (id, recital_group_part_1, recital_group_part_2, baby_dance_ids) VALUES (3, 3, 1, '40,41,42,43');


INSERT INTO dances (id, recital_group, class_time, dance, choreography) VALUES (1, 1, 'Tuesday 4:15', 'Acro 1', 'Ms. Emilee');
INSERT INTO dances (id, recital_group, class_time, dance, choreography) VALUES (2, 1, 'Wednesday 5:15', 'Acro Jr.', 'Ms. Emilee');
INSERT INTO dances (id, recital_group, class_time, dance, choreography, spectapular) VALUES (3, 1, 'Wednesday 7:15', 'Adult Tap 2', 'Ms. Angie', 1);
INSERT INTO dances (id, recital_group, class_time, dance, choreography) VALUES (4, 1, 'Tuesday 5:15', 'Ballet 1', 'Ms. Jillian');
INSERT INTO dances (id, recital_group, class_time, dance, choreography) VALUES (5, 1, 'Tuesday 6:15', 'Ballet/Contemporary', 'Ms. Emilee');
INSERT INTO dances (id, recital_group, class_time, dance, choreography) VALUES (6, 1, 'Wednesday 2:30', 'Ballet/Tap Combo (Wed 2:30) BALLET', 'Ms. Angie');
INSERT INTO dances (id, recital_group, class_time, dance, choreography) VALUES (7, 1, 'Wednesday 2:30', 'Ballet/Tap Combo (Wed 2:30) TAP', 'Ms. Angie');
INSERT INTO dances (id, recital_group, class_time, dance, choreography) VALUES (8, 1, 'Monday 6:15', 'Lyrical/Modern 1', 'Ms. Marissa');
INSERT INTO dances (id, recital_group, class_time, dance, choreography) VALUES (9, 1, 'Wednesday 4:15', 'Musical Theater 2', 'Ms. Emilee');
INSERT INTO dances (id, recital_group, class_time, dance, choreography) VALUES (10, 1, 'Thursday 5:15', 'Musical Theater 1', 'Ms. Marissa');
INSERT INTO dances (id, recital_group, class_time, dance, choreography, spectapular) VALUES (11, 1, 'Wednesday 6:15', 'Tap 3', 'Ms. Angie', 1);

INSERT INTO dances (id, recital_group, class_time, dance, choreography) VALUES (12, 2, 'Tuesday 5:15', 'Acro 2', 'Ms. Emilee');
INSERT INTO dances (id, recital_group, class_time, dance, choreography) VALUES (13, 2, 'Tuesday 7:15', 'Adult Ballet/Contemporary', 'Ms. Emilee');
INSERT INTO dances (id, recital_group, class_time, dance, choreography) VALUES (14, 2, 'Monday 5:15', 'Ballet 1', 'Ms. Marissa');
INSERT INTO dances (id, recital_group, class_time, dance, choreography) VALUES (15, 2, 'Monday 4:15', 'Ballet/Tap Combo (Mon 4:15) BALLET', 'Ms. Marissa');
INSERT INTO dances (id, recital_group, class_time, dance, choreography) VALUES (16, 2, 'Monday 4:15', 'Ballet/Tap Combo (Mon 4:15) TAP', 'Ms. Marissa');
INSERT INTO dances (id, recital_group, class_time, dance, choreography) VALUES (17, 2, 'Thursday 6:15', 'Jazz 1', 'Ms. Marissa');
INSERT INTO dances (id, recital_group, class_time, dance, choreography) VALUES (18, 2, 'Thursday 4:15', 'Lyrical/Modern 1', 'Ms. Angie');
INSERT INTO dances (id, recital_group, class_time, dance, choreography) VALUES (19, 2, 'Wednesday 7:15', 'Musical Theater 3', 'Ms. Emilee');
INSERT INTO dances (id, recital_group, class_time, dance, choreography, spectapular) VALUES (20, 2, 'Wednesday 4:15', 'Tap 1', 'Ms. Angie', 1);

INSERT INTO dances (id, recital_group, class_time, dance, choreography) VALUES (21, 3, 'Wednesday 6:15', 'Acro 3', 'Ms. Emilee');
INSERT INTO dances (id, recital_group, class_time, dance, choreography, spectapular) VALUES (22, 3, 'Monday 7:15', 'Adult Tap 1', 'Ms. Angie', 1);
INSERT INTO dances (id, recital_group, class_time, dance, choreography) VALUES (23, 3, 'Tuesday 6:15', 'Ballet 2', 'Ms. Jillian');
INSERT INTO dances (id, recital_group, class_time, dance, choreography) VALUES (24, 3, 'Tuesday 4:15', 'Combo (Tue 4:15) BALLET', 'Ms. Jillian');
INSERT INTO dances (id, recital_group, class_time, dance, choreography) VALUES (25, 3, 'Tuesday 4:15', 'Combo (Tue 4:15) TAP', 'Ms. Jillian');
INSERT INTO dances (id, recital_group, class_time, dance, choreography) VALUES (26, 3, 'Monday 6:15', 'Jazz 2', 'Ms. Angie');
INSERT INTO dances (id, recital_group, class_time, dance, choreography) VALUES (27, 3, 'Thursday 5:15', 'Lyrical/Modern 2', 'Ms. Angie');
INSERT INTO dances (id, recital_group, class_time, dance, choreography) VALUES (28, 3, 'Tuesday 7:15', 'Musical Theater: HS', 'Ms. Jillian');
INSERT INTO dances (id, recital_group, class_time, dance, choreography, spectapular) VALUES (29, 3, 'Wednesday 5:15', 'Tap 2', 'Ms. Angie', 1);


INSERT INTO dances (id, recital_group, class_time, dance, choreography) VALUES (30, NULL, 'Thursday 4:15', 'Pre-Ballet/Tap (Thu 4:15)', 'Ms. Marissa');
INSERT INTO dances (id, recital_group, class_time, dance, choreography) VALUES (31, NULL, 'Thursday 4:15', 'Pre-Ballet/Tap (Thu 4:15) Daddy/Daughter', 'Ms. Marissa');
INSERT INTO dances (id, recital_group, class_time, dance, choreography) VALUES (32, NULL, 'Wednesday 11:00', 'Pre-Ballet/Tap (Wed 11:00)', 'Ms. Marissa');
INSERT INTO dances (id, recital_group, class_time, dance, choreography) VALUES (33, NULL, 'Wednesday 11:00', 'Pre-Ballet/Tap (Wed 11:00) Daddy Daughter', 'Ms. Marissa');

INSERT INTO dances (id, recital_group, class_time, dance, choreography) VALUES (34, NULL, 'Wednesday 10:00', 'Pre-Ballet/Acro (Wed 10:00)', 'Ms. Marissa');
INSERT INTO dances (id, recital_group, class_time, dance, choreography) VALUES (35, NULL, 'Wednesday 10:00', 'Pre-Ballet/Acro (Wed 10:00) Daddy Daughter', 'Ms. Marissa');
INSERT INTO dances (id, recital_group, class_time, dance, choreography) VALUES (36, NULL, 'Thursday 11:00', 'Pre-Ballet/Acro (Thu 11:00)', 'Ms. Angie');
INSERT INTO dances (id, recital_group, class_time, dance, choreography) VALUES (37, NULL, 'Thursday 11:00', 'Pre-Ballet/Acro (Thu 11:00) Daddy Daughter', 'Ms. Angie');
INSERT INTO dances (id, recital_group, class_time, dance, choreography) VALUES (38, NULL, 'Wednesday 10:00', 'Pre-Ballet/Tap (Wed 10:00)', 'Ms. Jillian');
INSERT INTO dances (id, recital_group, class_time, dance, choreography) VALUES (39, NULL, 'Wednesday 10:00', 'Pre-Ballet/Tap (Wed 10:00) Daddy Daughter', 'Ms. Jillian');

INSERT INTO dances (id, recital_group, class_time, dance, choreography) VALUES (40, NULL, 'Wednesday 11:00', 'Pre-Ballet/Tap (Wed 11:00)', 'Ms. Jillian');
INSERT INTO dances (id, recital_group, class_time, dance, choreography) VALUES (41, NULL, 'Wednesday 11:00', 'Pre-Ballet/Tap (Wed 11:00) Daddy Daughter', 'Ms. Jillian');
INSERT INTO dances (id, recital_group, class_time, dance, choreography) VALUES (42, NULL, 'Thursday 11:00', 'Pre-Ballet/Tap (Thu 11:00)', 'Ms. Marissa');
INSERT INTO dances (id, recital_group, class_time, dance, choreography) VALUES (43, NULL, 'Thursday 11:00', 'Pre-Ballet/Tap (Thu 11:00) Daddy Daughter', 'Ms. Marissa');


INSERT INTO dancers (name) VALUES ('Abbey Foley');
INSERT INTO dancers (name) VALUES ('Abigail Clark');
INSERT INTO dancers (name) VALUES ('Adalynn Malcolm');
INSERT INTO dancers (name) VALUES ('Addie Knisley');
INSERT INTO dancers (name) VALUES ('Addie Vetter');
INSERT INTO dancers (name) VALUES ('Addilyn Bichsel');
INSERT INTO dancers (name) VALUES ('Addison Mattingly');
INSERT INTO dancers (name) VALUES ('Addison Meng');
INSERT INTO dancers (name) VALUES ('Addison Mills');
INSERT INTO dancers (name) VALUES ('Akshara Madana');
INSERT INTO dancers (name) VALUES ('Alaina Akert');
INSERT INTO dancers (name) VALUES ('Alex Sims');
INSERT INTO dancers (name) VALUES ('Alex Vetter');
INSERT INTO dancers (name) VALUES ('Alexandra Stonham');
INSERT INTO dancers (name) VALUES ('Ali Arce');
INSERT INTO dancers (name) VALUES ('Ali Nava');
INSERT INTO dancers (name) VALUES ('Alice Stonham');
INSERT INTO dancers (name) VALUES ('Alita Van Poppelen');
INSERT INTO dancers (name) VALUES ('Amanda Meyerhofer');
INSERT INTO dancers (name) VALUES ('Amelia Clark');
INSERT INTO dancers (name) VALUES ('Amelia Coates');
INSERT INTO dancers (name) VALUES ('Amelia Haro');
INSERT INTO dancers (name) VALUES ('Amelia Hurtado');
INSERT INTO dancers (name) VALUES ('Amelia Ratkovich');
INSERT INTO dancers (name) VALUES ('Ami Meng');
INSERT INTO dancers (name) VALUES ('Amy Burnham');
INSERT INTO dancers (name) VALUES ('Amy Schroff');
INSERT INTO dancers (name) VALUES ('Angelica Catuna');
INSERT INTO dancers (name) VALUES ('Angie Boone');
INSERT INTO dancers (name) VALUES ('Anneliese Wells');
INSERT INTO dancers (name) VALUES ('Annie Cox');
INSERT INTO dancers (name) VALUES ('Anysia Chandiramani');
INSERT INTO dancers (name) VALUES ('Aria Musarra');
INSERT INTO dancers (name) VALUES ('Ariah Baxter');
INSERT INTO dancers (name) VALUES ('Arianna Reddy Kambham');
INSERT INTO dancers (name) VALUES ('Ariella Burdette');
INSERT INTO dancers (name) VALUES ('Asher Boone');
INSERT INTO dancers (name) VALUES ('Aubree Laavazo');
INSERT INTO dancers (name) VALUES ('Audree Addler');
INSERT INTO dancers (name) VALUES ('Audrey Bland');
INSERT INTO dancers (name) VALUES ('Ava Bervig');
INSERT INTO dancers (name) VALUES ('Ava Elgin');
INSERT INTO dancers (name) VALUES ('Ava Wolter');
INSERT INTO dancers (name) VALUES ('Avery Kidd');
INSERT INTO dancers (name) VALUES ('Avyakta Shloka Balla');
INSERT INTO dancers (name) VALUES ('Bailey Meyer');
INSERT INTO dancers (name) VALUES ('Beckham Kidd');
INSERT INTO dancers (name) VALUES ('Blakely Moreno');
INSERT INTO dancers (name) VALUES ('Briddian Demas');
INSERT INTO dancers (name) VALUES ('Brielle Farcas');
INSERT INTO dancers (name) VALUES ('Brooke Balzarini');
INSERT INTO dancers (name) VALUES ('Brooklyn Miller');
INSERT INTO dancers (name) VALUES ('Brooksie Schuitema');
INSERT INTO dancers (name) VALUES ('Brynlie Murphy');
INSERT INTO dancers (name) VALUES ('Caitlin O''Connor');
INSERT INTO dancers (name) VALUES ('Calista Linger');
INSERT INTO dancers (name) VALUES ('Callie Hayslett');
INSERT INTO dancers (name) VALUES ('Carson Hunter');
INSERT INTO dancers (name) VALUES ('Charis Morkunas');
INSERT INTO dancers (name) VALUES ('Charley Moncrieff');
INSERT INTO dancers (name) VALUES ('Charlie Hansen');
INSERT INTO dancers (name) VALUES ('Charlotte Ardelean');
INSERT INTO dancers (name) VALUES ('Charlotte Delatorre');
INSERT INTO dancers (name) VALUES ('Charlotte Hughes');
INSERT INTO dancers (name) VALUES ('Charlotte Reaney');
INSERT INTO dancers (name) VALUES ('Chloe Hale-Banks');
INSERT INTO dancers (name) VALUES ('Chloe Minani');
INSERT INTO dancers (name) VALUES ('Christina Callanan-Attebery');
INSERT INTO dancers (name) VALUES ('Claira Kundla');
INSERT INTO dancers (name) VALUES ('Clara Boone');
INSERT INTO dancers (name) VALUES ('Cora Bervig');
INSERT INTO dancers (name) VALUES ('Dawn Ellis');
INSERT INTO dancers (name) VALUES ('Delaney Hernaez');
INSERT INTO dancers (name) VALUES ('Delaney Ogden');
INSERT INTO dancers (name) VALUES ('Eden Rawlings');
INSERT INTO dancers (name) VALUES ('Eden Rosinbum');
INSERT INTO dancers (name) VALUES ('Eleanor Mann');
INSERT INTO dancers (name) VALUES ('Eliana Macrides');
INSERT INTO dancers (name) VALUES ('Elissa Uhl');
INSERT INTO dancers (name) VALUES ('Ella Martin');
INSERT INTO dancers (name) VALUES ('Ella Stan');
INSERT INTO dancers (name) VALUES ('Elli Moore');
INSERT INTO dancers (name) VALUES ('Elli Wetmore');
INSERT INTO dancers (name) VALUES ('Ellie Coffee');
INSERT INTO dancers (name) VALUES ('Ellie Garibaldi');
INSERT INTO dancers (name) VALUES ('Eloise Arena');
INSERT INTO dancers (name) VALUES ('Elora Tacheny');
INSERT INTO dancers (name) VALUES ('Elyssa Weidman');
INSERT INTO dancers (name) VALUES ('Emery Kinch');
INSERT INTO dancers (name) VALUES ('Emilia Erickson');
INSERT INTO dancers (name) VALUES ('Emilee Machowski');
INSERT INTO dancers (name) VALUES ('Emily Brunk');
INSERT INTO dancers (name) VALUES ('Emily Lewis');
INSERT INTO dancers (name) VALUES ('Emily Ritter');
INSERT INTO dancers (name) VALUES ('Emma Elgin');
INSERT INTO dancers (name) VALUES ('Emma Hoelzen');
INSERT INTO dancers (name) VALUES ('Emma Vilorio');
INSERT INTO dancers (name) VALUES ('Emmaline Ashton');
INSERT INTO dancers (name) VALUES ('Emmanuelle Carnahan');
INSERT INTO dancers (name) VALUES ('Eric Lynch');
INSERT INTO dancers (name) VALUES ('Eve Laun');
INSERT INTO dancers (name) VALUES ('Everly Mauldin');
INSERT INTO dancers (name) VALUES ('Evie Carioto');
INSERT INTO dancers (name) VALUES ('Finnley Vossler');
INSERT INTO dancers (name) VALUES ('Gabriela Ortiz');
INSERT INTO dancers (name) VALUES ('Gia McBride');
INSERT INTO dancers (name) VALUES ('Gianna Arce');
INSERT INTO dancers (name) VALUES ('Gina Sorrentino');
INSERT INTO dancers (name) VALUES ('Grace Hayslett');
INSERT INTO dancers (name) VALUES ('Grace Miller');
INSERT INTO dancers (name) VALUES ('Grace Molina');
INSERT INTO dancers (name) VALUES ('Grace Rawlings');
INSERT INTO dancers (name) VALUES ('Gracen Kantaras');
INSERT INTO dancers (name) VALUES ('Hadley Mae Lichter');
INSERT INTO dancers (name) VALUES ('Hadley Taylor');
INSERT INTO dancers (name) VALUES ('Hailey Ratiu');
INSERT INTO dancers (name) VALUES ('Hallie Riewold');
INSERT INTO dancers (name) VALUES ('Hanna Abney');
INSERT INTO dancers (name) VALUES ('Hanna Tsai');
INSERT INTO dancers (name) VALUES ('Hannah DeSpain');
INSERT INTO dancers (name) VALUES ('Hannah Ratiu');
INSERT INTO dancers (name) VALUES ('Harper Addler');
INSERT INTO dancers (name) VALUES ('Hayden Bragg');
INSERT INTO dancers (name) VALUES ('Heidi Moore');
INSERT INTO dancers (name) VALUES ('Holly Sheppard');
INSERT INTO dancers (name) VALUES ('Hollyn Kinch');
INSERT INTO dancers (name) VALUES ('Isa Segura');
INSERT INTO dancers (name) VALUES ('Isabella Ma');
INSERT INTO dancers (name) VALUES ('Isabelle Stonham');
INSERT INTO dancers (name) VALUES ('Ishika Musani');
INSERT INTO dancers (name) VALUES ('Isla Abuhmaiden');
INSERT INTO dancers (name) VALUES ('Isla Bervig');
INSERT INTO dancers (name) VALUES ('Ivan Shkarayev');
INSERT INTO dancers (name) VALUES ('Ivy Aleo');
INSERT INTO dancers (name) VALUES ('Jacqueline Humbles');
INSERT INTO dancers (name) VALUES ('Jade Franks');
INSERT INTO dancers (name) VALUES ('Jake Boone');
INSERT INTO dancers (name) VALUES ('Jamieson Migliorino');
INSERT INTO dancers (name) VALUES ('Jane Armenta');
INSERT INTO dancers (name) VALUES ('Jane Fuss');
INSERT INTO dancers (name) VALUES ('Jane Hicks');
INSERT INTO dancers (name) VALUES ('Janelle Stayton');
INSERT INTO dancers (name) VALUES ('Jenna Meyerhofer');
INSERT INTO dancers (name) VALUES ('Jessica Scorzetti');
INSERT INTO dancers (name) VALUES ('Jillian Heer');
INSERT INTO dancers (name) VALUES ('Jillian Hester');
INSERT INTO dancers (name) VALUES ('Jillian Stefanski');
INSERT INTO dancers (name) VALUES ('Jodi DeLaTorre');
INSERT INTO dancers (name) VALUES ('Joelle Murphy');
INSERT INTO dancers (name) VALUES ('Jonah Wells');
INSERT INTO dancers (name) VALUES ('Josslyn Heer');
INSERT INTO dancers (name) VALUES ('Josslyn Hester');
INSERT INTO dancers (name) VALUES ('Juliana Conner');
INSERT INTO dancers (name) VALUES ('Julie Burnham');
INSERT INTO dancers (name) VALUES ('Juliette Boone');
INSERT INTO dancers (name) VALUES ('Juliette Ogden');
INSERT INTO dancers (name) VALUES ('Justine Persons');
INSERT INTO dancers (name) VALUES ('Kaleen Wo');
INSERT INTO dancers (name) VALUES ('Kalina Korito');
INSERT INTO dancers (name) VALUES ('Kate Hoelzen');
INSERT INTO dancers (name) VALUES ('Kate Mather');
INSERT INTO dancers (name) VALUES ('Kate Widney');
INSERT INTO dancers (name) VALUES ('Kekoalakakapono Morkunas');
INSERT INTO dancers (name) VALUES ('Kelsey Puckett');
INSERT INTO dancers (name) VALUES ('Kendall Rudzki');
INSERT INTO dancers (name) VALUES ('Kenley Block');
INSERT INTO dancers (name) VALUES ('Keshavi Patel');
INSERT INTO dancers (name) VALUES ('Keturah Lynch');
INSERT INTO dancers (name) VALUES ('Kinney Chen');
INSERT INTO dancers (name) VALUES ('Kira Shkarayeva');
INSERT INTO dancers (name) VALUES ('Kristi Hunter');
INSERT INTO dancers (name) VALUES ('Kylie Davis');
INSERT INTO dancers (name) VALUES ('Kylie Gonzales');
INSERT INTO dancers (name) VALUES ('Larsyn Callanan-Attebery');
INSERT INTO dancers (name) VALUES ('Leelah Taylor');
INSERT INTO dancers (name) VALUES ('Lennon Taylor');
INSERT INTO dancers (name) VALUES ('Lilah Norris');
INSERT INTO dancers (name) VALUES ('Lilli Rosinbum');
INSERT INTO dancers (name) VALUES ('Lillian Denney');
INSERT INTO dancers (name) VALUES ('Lindsay Davis');
INSERT INTO dancers (name) VALUES ('Lizzy Bala Bala');
INSERT INTO dancers (name) VALUES ('Lo Holloway');
INSERT INTO dancers (name) VALUES ('Luci Arce');
INSERT INTO dancers (name) VALUES ('Lucy Albert');
INSERT INTO dancers (name) VALUES ('Lucy Goodson');
INSERT INTO dancers (name) VALUES ('Mackenzie Flandrau');
INSERT INTO dancers (name) VALUES ('Maddie Massaro');
INSERT INTO dancers (name) VALUES ('Madeline Nguyen');
INSERT INTO dancers (name) VALUES ('Madeline O''Connor');
INSERT INTO dancers (name) VALUES ('Madi Akert');
INSERT INTO dancers (name) VALUES ('Madison Puckett');
INSERT INTO dancers (name) VALUES ('Madison Schroff');
INSERT INTO dancers (name) VALUES ('Madison Widney');
INSERT INTO dancers (name) VALUES ('Mae Simmers');
INSERT INTO dancers (name) VALUES ('Maezlyn Wiese');
INSERT INTO dancers (name) VALUES ('Maia Hunter');
INSERT INTO dancers (name) VALUES ('Maisie Cantieni');
INSERT INTO dancers (name) VALUES ('Makena Kirara');
INSERT INTO dancers (name) VALUES ('Makenna Reeves');
INSERT INTO dancers (name) VALUES ('Maleah Poku');
INSERT INTO dancers (name) VALUES ('Manya Thakur');
INSERT INTO dancers (name) VALUES ('Margot Denney');
INSERT INTO dancers (name) VALUES ('Marien de la Torre');
INSERT INTO dancers (name) VALUES ('Marina Permiakova');
INSERT INTO dancers (name) VALUES ('Marissa Calderone');
INSERT INTO dancers (name) VALUES ('Marlowe Drown');
INSERT INTO dancers (name) VALUES ('Mavis Henry');
INSERT INTO dancers (name) VALUES ('Megan Henze');
INSERT INTO dancers (name) VALUES ('Megan Riewold');
INSERT INTO dancers (name) VALUES ('Mia Segura');
INSERT INTO dancers (name) VALUES ('Mikaela Wells');
INSERT INTO dancers (name) VALUES ('Mixon Jakubos');
INSERT INTO dancers (name) VALUES ('Moustafa Banna');
INSERT INTO dancers (name) VALUES ('Natallya Shkarayeva');
INSERT INTO dancers (name) VALUES ('Nisha Bhatia');
INSERT INTO dancers (name) VALUES ('Noelle Gunnell');
INSERT INTO dancers (name) VALUES ('Noemi Richardson');
INSERT INTO dancers (name) VALUES ('Nora Ardelean');
INSERT INTO dancers (name) VALUES ('Olivia Bervig');
INSERT INTO dancers (name) VALUES ('Olivia Flandrau');
INSERT INTO dancers (name) VALUES ('Olivia Lenhart');
INSERT INTO dancers (name) VALUES ('Parker Lemanski');
INSERT INTO dancers (name) VALUES ('Pearl Nielsen');
INSERT INTO dancers (name) VALUES ('Penelope Hicks');
INSERT INTO dancers (name) VALUES ('Peyton Grayson');
INSERT INTO dancers (name) VALUES ('Phoenix-Dawn Morkunas');
INSERT INTO dancers (name) VALUES ('Piper McGuire');
INSERT INTO dancers (name) VALUES ('Presleigh Wilson');
INSERT INTO dancers (name) VALUES ('Presley Grubor');
INSERT INTO dancers (name) VALUES ('Quinn Dollman');
INSERT INTO dancers (name) VALUES ('Quinn Fo');
INSERT INTO dancers (name) VALUES ('ReAnn Loose');
INSERT INTO dancers (name) VALUES ('Rebecca Arnold');
INSERT INTO dancers (name) VALUES ('Rebekah Poku');
INSERT INTO dancers (name) VALUES ('Reese Goodman');
INSERT INTO dancers (name) VALUES ('Riley Ratkovich');
INSERT INTO dancers (name) VALUES ('Rory Krueger');
INSERT INTO dancers (name) VALUES ('Ruby Rasch');
INSERT INTO dancers (name) VALUES ('Ryann Bragg');
INSERT INTO dancers (name) VALUES ('Rylee Eklund');
INSERT INTO dancers (name) VALUES ('Ryleigh Gower');
INSERT INTO dancers (name) VALUES ('Rylie Brown');
INSERT INTO dancers (name) VALUES ('Rylie Persons');
INSERT INTO dancers (name) VALUES ('Sadie Mather');
INSERT INTO dancers (name) VALUES ('Sadie McCrite');
INSERT INTO dancers (name) VALUES ('Saisha Sethi');
INSERT INTO dancers (name) VALUES ('Sedona Flumbaugh');
INSERT INTO dancers (name) VALUES ('Shay Patterson');
INSERT INTO dancers (name) VALUES ('Shelby Bow');
INSERT INTO dancers (name) VALUES ('Shweta (Ryna) Arora');
INSERT INTO dancers (name) VALUES ('Sierra Bohannan');
INSERT INTO dancers (name) VALUES ('Skylar Lizama');
INSERT INTO dancers (name) VALUES ('Sofia Nava');
INSERT INTO dancers (name) VALUES ('Sofia Shearer');
INSERT INTO dancers (name) VALUES ('Sophia Andersen');
INSERT INTO dancers (name) VALUES ('Sophia Ortega');
INSERT INTO dancers (name) VALUES ('Sophie Aja');
INSERT INTO dancers (name) VALUES ('Sophie Catuna');
INSERT INTO dancers (name) VALUES ('Stephanie Hansen');
INSERT INTO dancers (name) VALUES ('Summer Lynch');
INSERT INTO dancers (name) VALUES ('Teagan Turley');
INSERT INTO dancers (name) VALUES ('Teanna Brawley');
INSERT INTO dancers (name) VALUES ('Tessa Block');
INSERT INTO dancers (name) VALUES ('Tosha Focht');
INSERT INTO dancers (name) VALUES ('Violet Aleo');
INSERT INTO dancers (name) VALUES ('Vivian Rawlings');
INSERT INTO dancers (name) VALUES ('Wae Callanan-Attebery');
INSERT INTO dancers (name) VALUES ('Winnie Ady');
INSERT INTO dancers (name) VALUES ('Zari Nicely');
INSERT INTO dancers (name) VALUES ('Zoe Griffin');
INSERT INTO dancers (name) VALUES ('Zoey Moore');
INSERT INTO dancers (name) VALUES ('Zyah Chandiramani');


INSERT INTO dance_dancers (dance_id, dancer) VALUES (1, 'Shelby Bow') /* Acro 1 */;
INSERT INTO dance_dancers (dance_id, dancer) VALUES (1, 'Julie Burnham') /* Acro 1 */;
INSERT INTO dance_dancers (dance_id, dancer) VALUES (1, 'Amelia Coates') /* Acro 1 */;
INSERT INTO dance_dancers (dance_id, dancer) VALUES (1, 'Emma Elgin') /* Acro 1 */;
INSERT INTO dance_dancers (dance_id, dancer) VALUES (1, 'Mackenzie Flandrau') /* Acro 1 */;
INSERT INTO dance_dancers (dance_id, dancer) VALUES (1, 'Olivia Flandrau') /* Acro 1 */;
INSERT INTO dance_dancers (dance_id, dancer) VALUES (1, 'Hadley Mae Lichter') /* Acro 1 */;
INSERT INTO dance_dancers (dance_id, dancer) VALUES (1, 'Akshara Madana') /* Acro 1 */;
INSERT INTO dance_dancers (dance_id, dancer) VALUES (1, 'Gia McBride') /* Acro 1 */;
INSERT INTO dance_dancers (dance_id, dancer) VALUES (1, 'Shay Patterson') /* Acro 1 */;
INSERT INTO dance_dancers (dance_id, dancer) VALUES (1, 'Makenna Reeves') /* Acro 1 */;
INSERT INTO dance_dancers (dance_id, dancer) VALUES (1, 'Lilli Rosinbum') /* Acro 1 */;
INSERT INTO dance_dancers (dance_id, dancer) VALUES (1, 'Alice Stonham') /* Acro 1 */;
INSERT INTO dance_dancers (dance_id, dancer) VALUES (12, 'Hanna Abney') /* Acro 2 */;
INSERT INTO dance_dancers (dance_id, dancer) VALUES (12, 'Isla Abuhmaiden') /* Acro 2 */;
INSERT INTO dance_dancers (dance_id, dancer) VALUES (12, 'Charlotte Ardelean') /* Acro 2 */;
INSERT INTO dance_dancers (dance_id, dancer) VALUES (12, 'Kylie Davis') /* Acro 2 */;
INSERT INTO dance_dancers (dance_id, dancer) VALUES (12, 'Brielle Farcas') /* Acro 2 */;
INSERT INTO dance_dancers (dance_id, dancer) VALUES (12, 'Abbey Foley') /* Acro 2 */;
INSERT INTO dance_dancers (dance_id, dancer) VALUES (12, 'Zoe Griffin') /* Acro 2 */;
INSERT INTO dance_dancers (dance_id, dancer) VALUES (12, 'Grace Hayslett') /* Acro 2 */;
INSERT INTO dance_dancers (dance_id, dancer) VALUES (12, 'Jillian Hester') /* Acro 2 */;
INSERT INTO dance_dancers (dance_id, dancer) VALUES (12, 'Josslyn Hester') /* Acro 2 */;
INSERT INTO dance_dancers (dance_id, dancer) VALUES (12, 'Isabelle Stonham') /* Acro 2 */;
INSERT INTO dance_dancers (dance_id, dancer) VALUES (21, 'Alaina Akert') /* Acro 3 */;
INSERT INTO dance_dancers (dance_id, dancer) VALUES (21, 'Madi Akert') /* Acro 3 */;
INSERT INTO dance_dancers (dance_id, dancer) VALUES (21, 'Lucy Albert') /* Acro 3 */;
INSERT INTO dance_dancers (dance_id, dancer) VALUES (21, 'Larsyn Callanan-Attebery') /* Acro 3 */;
INSERT INTO dance_dancers (dance_id, dancer) VALUES (21, 'Grace Miller') /* Acro 3 */;
INSERT INTO dance_dancers (dance_id, dancer) VALUES (21, 'Vivian Rawlings') /* Acro 3 */;
INSERT INTO dance_dancers (dance_id, dancer) VALUES (21, 'Lennon Taylor') /* Acro 3 */;
INSERT INTO dance_dancers (dance_id, dancer) VALUES (2, 'Rebecca Arnold') /* Acro Jr. */;
INSERT INTO dance_dancers (dance_id, dancer) VALUES (2, 'Cora Bervig') /* Acro Jr. */;
INSERT INTO dance_dancers (dance_id, dancer) VALUES (2, 'Hollyn Kinch') /* Acro Jr. */;
INSERT INTO dance_dancers (dance_id, dancer) VALUES (2, 'Makena Kirara') /* Acro Jr. */;
INSERT INTO dance_dancers (dance_id, dancer) VALUES (2, 'Claira Kundla') /* Acro Jr. */;
INSERT INTO dance_dancers (dance_id, dancer) VALUES (2, 'Kate Mather') /* Acro Jr. */;
INSERT INTO dance_dancers (dance_id, dancer) VALUES (2, 'Sadie Mather') /* Acro Jr. */;
INSERT INTO dance_dancers (dance_id, dancer) VALUES (2, 'Everly Mauldin') /* Acro Jr. */;
INSERT INTO dance_dancers (dance_id, dancer) VALUES (2, 'Rylie Persons') /* Acro Jr. */;
INSERT INTO dance_dancers (dance_id, dancer) VALUES (2, 'Noemi Richardson') /* Acro Jr. */;
INSERT INTO dance_dancers (dance_id, dancer) VALUES (2, 'Madison Schroff') /* Acro Jr. */;
INSERT INTO dance_dancers (dance_id, dancer) VALUES (2, 'Isa Segura') /* Acro Jr. */;
INSERT INTO dance_dancers (dance_id, dancer) VALUES (2, 'Sofia Shearer') /* Acro Jr. */;
INSERT INTO dance_dancers (dance_id, dancer) VALUES (2, 'Elli Wetmore') /* Acro Jr. */;
INSERT INTO dance_dancers (dance_id, dancer) VALUES (13, 'Dawn Ellis') /* Adult Ballet & Contemp Combo */;
INSERT INTO dance_dancers (dance_id, dancer) VALUES (13, 'Emilee Machowski') /* Adult Ballet & Contemp Combo */;
INSERT INTO dance_dancers (dance_id, dancer) VALUES (13, 'Tosha Focht') /* Adult Ballet & Contemp Combo */;
INSERT INTO dance_dancers (dance_id, dancer) VALUES (13, 'Jade Franks') /* Adult Ballet & Contemp Combo */;
INSERT INTO dance_dancers (dance_id, dancer) VALUES (13, 'Kristi Hunter') /* Adult Ballet & Contemp Combo */;
INSERT INTO dance_dancers (dance_id, dancer) VALUES (13, 'Holly Sheppard') /* Adult Ballet & Contemp Combo */;
INSERT INTO dance_dancers (dance_id, dancer) VALUES (13, 'Kaleen Wo') /* Adult Ballet & Contemp Combo */;
INSERT INTO dance_dancers (dance_id, dancer) VALUES (13, 'Gina Sorrentino') /* Adult Ballet & Contemp Combo */;
INSERT INTO dance_dancers (dance_id, dancer) VALUES (22, 'Moustafa Banna') /* Adult Tap 1 */;
INSERT INTO dance_dancers (dance_id, dancer) VALUES (22, 'Nisha Bhatia') /* Adult Tap 1 */;
INSERT INTO dance_dancers (dance_id, dancer) VALUES (22, 'Christina Callanan-Attebery') /* Adult Tap 1 */;
INSERT INTO dance_dancers (dance_id, dancer) VALUES (22, 'Marien de la Torre') /* Adult Tap 1 */;
INSERT INTO dance_dancers (dance_id, dancer) VALUES (22, 'Dawn Ellis') /* Adult Tap 1 */;
INSERT INTO dance_dancers (dance_id, dancer) VALUES (22, 'Stephanie Hansen') /* Adult Tap 1 */;
INSERT INTO dance_dancers (dance_id, dancer) VALUES (22, 'ReAnn Loose') /* Adult Tap 1 */;
INSERT INTO dance_dancers (dance_id, dancer) VALUES (22, 'Eric Lynch') /* Adult Tap 1 */;
INSERT INTO dance_dancers (dance_id, dancer) VALUES (22, 'Ami Meng') /* Adult Tap 1 */;
INSERT INTO dance_dancers (dance_id, dancer) VALUES (22, 'Marina Permiakova') /* Adult Tap 1 */;
INSERT INTO dance_dancers (dance_id, dancer) VALUES (22, 'Natallya Shkarayeva') /* Adult Tap 1 */;
INSERT INTO dance_dancers (dance_id, dancer) VALUES (22, 'Elissa Uhl') /* Adult Tap 1 */;
INSERT INTO dance_dancers (dance_id, dancer) VALUES (22, 'Lindsay Davis') /* Adult Tap 1 */;
INSERT INTO dance_dancers (dance_id, dancer) VALUES (3, 'Jake Boone') /* Adult Tap 2 */;
INSERT INTO dance_dancers (dance_id, dancer) VALUES (3, 'Amanda Meyerhofer') /* Adult Tap 2 */;
INSERT INTO dance_dancers (dance_id, dancer) VALUES (3, 'Heidi Moore') /* Adult Tap 2 */;
INSERT INTO dance_dancers (dance_id, dancer) VALUES (3, 'Kelsey Puckett') /* Adult Tap 2 */;
INSERT INTO dance_dancers (dance_id, dancer) VALUES (3, 'Megan Riewold') /* Adult Tap 2 */;
INSERT INTO dance_dancers (dance_id, dancer) VALUES (3, 'Amy Schroff') /* Adult Tap 2 */;
INSERT INTO dance_dancers (dance_id, dancer) VALUES (3, 'Justine Persons') /* Adult Tap 2 */;
INSERT INTO dance_dancers (dance_id, dancer) VALUES (3, 'Angie Boone') /* Adult Tap 2 */;
INSERT INTO dance_dancers (dance_id, dancer) VALUES (3, 'Marissa Calderone') /* Adult Tap 2 */;
INSERT INTO dance_dancers (dance_id, dancer) VALUES (3, 'Jillian Stefanski') /* Adult Tap 2 */;
INSERT INTO dance_dancers (dance_id, dancer) VALUES (5, 'Sophia Andersen') /* Ballet & Contemporary Combo: HS */;
INSERT INTO dance_dancers (dance_id, dancer) VALUES (5, 'Clara Boone') /* Ballet & Contemporary Combo: HS */;
INSERT INTO dance_dancers (dance_id, dancer) VALUES (5, 'Abigail Clark') /* Ballet & Contemporary Combo: HS */;
INSERT INTO dance_dancers (dance_id, dancer) VALUES (5, 'Ryleigh Gower') /* Ballet & Contemporary Combo: HS */;
INSERT INTO dance_dancers (dance_id, dancer) VALUES (5, 'Maia Hunter') /* Ballet & Contemporary Combo: HS */;
INSERT INTO dance_dancers (dance_id, dancer) VALUES (5, 'Olivia Lenhart') /* Ballet & Contemporary Combo: HS */;
INSERT INTO dance_dancers (dance_id, dancer) VALUES (5, 'Maddie Massaro') /* Ballet & Contemporary Combo: HS */;
INSERT INTO dance_dancers (dance_id, dancer) VALUES (5, 'Bailey Meyer') /* Ballet & Contemporary Combo: HS */;
INSERT INTO dance_dancers (dance_id, dancer) VALUES (5, 'Brynlie Murphy') /* Ballet & Contemporary Combo: HS */;
INSERT INTO dance_dancers (dance_id, dancer) VALUES (5, 'Vivian Rawlings') /* Ballet & Contemporary Combo: HS */;
INSERT INTO dance_dancers (dance_id, dancer) VALUES (5, 'Eden Rawlings') /* Ballet & Contemporary Combo: HS */;
INSERT INTO dance_dancers (dance_id, dancer) VALUES (5, 'Emily Ritter') /* Ballet & Contemporary Combo: HS */;
INSERT INTO dance_dancers (dance_id, dancer) VALUES (5, 'Mikaela Wells') /* Ballet & Contemporary Combo: HS */;
INSERT INTO dance_dancers (dance_id, dancer) VALUES (15, 'Sophie Aja') /* Ballet & Tap 1 Combo - Monday */;
INSERT INTO dance_dancers (dance_id, dancer) VALUES (15, 'Hayden Bragg') /* Ballet & Tap 1 Combo - Monday */;
INSERT INTO dance_dancers (dance_id, dancer) VALUES (15, 'Skylar Lizama') /* Ballet & Tap 1 Combo - Monday */;
INSERT INTO dance_dancers (dance_id, dancer) VALUES (15, 'Sadie Mather') /* Ballet & Tap 1 Combo - Monday */;
INSERT INTO dance_dancers (dance_id, dancer) VALUES (15, 'Charley Moncrieff') /* Ballet & Tap 1 Combo - Monday */;
INSERT INTO dance_dancers (dance_id, dancer) VALUES (15, 'Charlotte Reaney') /* Ballet & Tap 1 Combo - Monday */;
INSERT INTO dance_dancers (dance_id, dancer) VALUES (15, 'Alita Van Poppelen') /* Ballet & Tap 1 Combo - Monday */;
INSERT INTO dance_dancers (dance_id, dancer) VALUES (15, 'Addie Vetter') /* Ballet & Tap 1 Combo - Monday */;
INSERT INTO dance_dancers (dance_id, dancer) VALUES (15, 'Finnley Vossler') /* Ballet & Tap 1 Combo - Monday */;
INSERT INTO dance_dancers (dance_id, dancer) VALUES (16, 'Sophie Aja') /* Ballet & Tap 1 Combo - Monday */;
INSERT INTO dance_dancers (dance_id, dancer) VALUES (16, 'Hayden Bragg') /* Ballet & Tap 1 Combo - Monday */;
INSERT INTO dance_dancers (dance_id, dancer) VALUES (16, 'Skylar Lizama') /* Ballet & Tap 1 Combo - Monday */;
INSERT INTO dance_dancers (dance_id, dancer) VALUES (16, 'Sadie Mather') /* Ballet & Tap 1 Combo - Monday */;
INSERT INTO dance_dancers (dance_id, dancer) VALUES (16, 'Charley Moncrieff') /* Ballet & Tap 1 Combo - Monday */;
INSERT INTO dance_dancers (dance_id, dancer) VALUES (16, 'Charlotte Reaney') /* Ballet & Tap 1 Combo - Monday */;
INSERT INTO dance_dancers (dance_id, dancer) VALUES (16, 'Alita Van Poppelen') /* Ballet & Tap 1 Combo - Monday */;
INSERT INTO dance_dancers (dance_id, dancer) VALUES (16, 'Addie Vetter') /* Ballet & Tap 1 Combo - Monday */;
INSERT INTO dance_dancers (dance_id, dancer) VALUES (16, 'Finnley Vossler') /* Ballet & Tap 1 Combo - Monday */;
INSERT INTO dance_dancers (dance_id, dancer) VALUES (24, 'Kinney Chen') /* Ballet & Tap 1 Combo - Tuesday */;
INSERT INTO dance_dancers (dance_id, dancer) VALUES (24, 'Parker Lemanski') /* Ballet & Tap 1 Combo - Tuesday */;
INSERT INTO dance_dancers (dance_id, dancer) VALUES (24, 'Ruby Rasch') /* Ballet & Tap 1 Combo - Tuesday */;
INSERT INTO dance_dancers (dance_id, dancer) VALUES (24, 'Hailey Ratiu') /* Ballet & Tap 1 Combo - Tuesday */;
INSERT INTO dance_dancers (dance_id, dancer) VALUES (24, 'Kendall Rudzki') /* Ballet & Tap 1 Combo - Tuesday */;
INSERT INTO dance_dancers (dance_id, dancer) VALUES (24, 'Leelah Taylor') /* Ballet & Tap 1 Combo - Tuesday */;
INSERT INTO dance_dancers (dance_id, dancer) VALUES (24, 'Hanna Tsai') /* Ballet & Tap 1 Combo - Tuesday */;
INSERT INTO dance_dancers (dance_id, dancer) VALUES (25, 'Kinney Chen') /* Ballet & Tap 1 Combo - Tuesday */;
INSERT INTO dance_dancers (dance_id, dancer) VALUES (25, 'Parker Lemanski') /* Ballet & Tap 1 Combo - Tuesday */;
INSERT INTO dance_dancers (dance_id, dancer) VALUES (25, 'Ruby Rasch') /* Ballet & Tap 1 Combo - Tuesday */;
INSERT INTO dance_dancers (dance_id, dancer) VALUES (25, 'Hailey Ratiu') /* Ballet & Tap 1 Combo - Tuesday */;
INSERT INTO dance_dancers (dance_id, dancer) VALUES (25, 'Kendall Rudzki') /* Ballet & Tap 1 Combo - Tuesday */;
INSERT INTO dance_dancers (dance_id, dancer) VALUES (25, 'Leelah Taylor') /* Ballet & Tap 1 Combo - Tuesday */;
INSERT INTO dance_dancers (dance_id, dancer) VALUES (25, 'Hanna Tsai') /* Ballet & Tap 1 Combo - Tuesday */;
INSERT INTO dance_dancers (dance_id, dancer) VALUES (6, 'Ivy Aleo') /* Ballet & Tap 1 Combo - Wednesday */;
INSERT INTO dance_dancers (dance_id, dancer) VALUES (6, 'Cora Bervig') /* Ballet & Tap 1 Combo - Wednesday */;
INSERT INTO dance_dancers (dance_id, dancer) VALUES (6, 'Evie Carioto') /* Ballet & Tap 1 Combo - Wednesday */;
INSERT INTO dance_dancers (dance_id, dancer) VALUES (6, 'Lillian Denney') /* Ballet & Tap 1 Combo - Wednesday */;
INSERT INTO dance_dancers (dance_id, dancer) VALUES (6, 'Sedona Flumbaugh') /* Ballet & Tap 1 Combo - Wednesday */;
INSERT INTO dance_dancers (dance_id, dancer) VALUES (6, 'Lucy Goodson') /* Ballet & Tap 1 Combo - Wednesday */;
INSERT INTO dance_dancers (dance_id, dancer) VALUES (6, 'Emily Lewis') /* Ballet & Tap 1 Combo - Wednesday */;
INSERT INTO dance_dancers (dance_id, dancer) VALUES (6, 'Piper McGuire') /* Ballet & Tap 1 Combo - Wednesday */;
INSERT INTO dance_dancers (dance_id, dancer) VALUES (6, 'Blakely Moreno') /* Ballet & Tap 1 Combo - Wednesday */;
INSERT INTO dance_dancers (dance_id, dancer) VALUES (6, 'Ella Martin') /* Ballet & Tap 1 Combo - Wednesday */;
INSERT INTO dance_dancers (dance_id, dancer) VALUES (6, 'Reese Goodman') /* Ballet & Tap 1 Combo - Wednesday */;
INSERT INTO dance_dancers (dance_id, dancer) VALUES (6, 'Kylie Gonzales') /* Ballet & Tap 1 Combo - Wednesday */;
INSERT INTO dance_dancers (dance_id, dancer) VALUES (6, 'Marlowe Drown') /* Ballet & Tap 1 Combo - Wednesday */;
INSERT INTO dance_dancers (dance_id, dancer) VALUES (7, 'Ivy Aleo') /* Ballet & Tap 1 Combo - Wednesday */;
INSERT INTO dance_dancers (dance_id, dancer) VALUES (7, 'Cora Bervig') /* Ballet & Tap 1 Combo - Wednesday */;
INSERT INTO dance_dancers (dance_id, dancer) VALUES (7, 'Evie Carioto') /* Ballet & Tap 1 Combo - Wednesday */;
INSERT INTO dance_dancers (dance_id, dancer) VALUES (7, 'Lillian Denney') /* Ballet & Tap 1 Combo - Wednesday */;
INSERT INTO dance_dancers (dance_id, dancer) VALUES (7, 'Sedona Flumbaugh') /* Ballet & Tap 1 Combo - Wednesday */;
INSERT INTO dance_dancers (dance_id, dancer) VALUES (7, 'Lucy Goodson') /* Ballet & Tap 1 Combo - Wednesday */;
INSERT INTO dance_dancers (dance_id, dancer) VALUES (7, 'Emily Lewis') /* Ballet & Tap 1 Combo - Wednesday */;
INSERT INTO dance_dancers (dance_id, dancer) VALUES (7, 'Piper McGuire') /* Ballet & Tap 1 Combo - Wednesday */;
INSERT INTO dance_dancers (dance_id, dancer) VALUES (7, 'Blakely Moreno') /* Ballet & Tap 1 Combo - Wednesday */;
INSERT INTO dance_dancers (dance_id, dancer) VALUES (7, 'Ella Martin') /* Ballet & Tap 1 Combo - Wednesday */;
INSERT INTO dance_dancers (dance_id, dancer) VALUES (7, 'Reese Goodman') /* Ballet & Tap 1 Combo - Wednesday */;
INSERT INTO dance_dancers (dance_id, dancer) VALUES (7, 'Kylie Gonzales') /* Ballet & Tap 1 Combo - Wednesday */;
INSERT INTO dance_dancers (dance_id, dancer) VALUES (7, 'Marlowe Drown') /* Ballet & Tap 1 Combo - Wednesday */;
INSERT INTO dance_dancers (dance_id, dancer) VALUES (14, 'Jane Armenta') /* Ballet 1 - Monday */;
INSERT INTO dance_dancers (dance_id, dancer) VALUES (14, 'Juliana Conner') /* Ballet 1 - Monday */;
INSERT INTO dance_dancers (dance_id, dancer) VALUES (14, 'Annie Cox') /* Ballet 1 - Monday */;
INSERT INTO dance_dancers (dance_id, dancer) VALUES (14, 'Kate Mather') /* Ballet 1 - Monday */;
INSERT INTO dance_dancers (dance_id, dancer) VALUES (14, 'Kira Shkarayeva') /* Ballet 1 - Monday */;
INSERT INTO dance_dancers (dance_id, dancer) VALUES (14, 'Avyakta Shloka Balla') /* Ballet 1 - Monday */;
INSERT INTO dance_dancers (dance_id, dancer) VALUES (14, 'Hadley Taylor') /* Ballet 1 - Monday */;
INSERT INTO dance_dancers (dance_id, dancer) VALUES (4, 'Shweta (Ryna) Arora') /* Ballet 1 */;
INSERT INTO dance_dancers (dance_id, dancer) VALUES (4, 'Sierra Bohannan') /* Ballet 1 */;
INSERT INTO dance_dancers (dance_id, dancer) VALUES (4, 'Teanna Brawley') /* Ballet 1 */;
INSERT INTO dance_dancers (dance_id, dancer) VALUES (4, 'Mavis Henry') /* Ballet 1 */;
INSERT INTO dance_dancers (dance_id, dancer) VALUES (4, 'Elli Moore') /* Ballet 1 */;
INSERT INTO dance_dancers (dance_id, dancer) VALUES (4, 'Ishika Musani') /* Ballet 1 */;
INSERT INTO dance_dancers (dance_id, dancer) VALUES (4, 'Sophia Ortega') /* Ballet 1 */;
INSERT INTO dance_dancers (dance_id, dancer) VALUES (4, 'Keshavi Patel') /* Ballet 1 */;
INSERT INTO dance_dancers (dance_id, dancer) VALUES (4, 'Saisha Sethi') /* Ballet 1 */;
INSERT INTO dance_dancers (dance_id, dancer) VALUES (4, 'Nora Ardelean') /* Ballet 1 */;
INSERT INTO dance_dancers (dance_id, dancer) VALUES (23, 'Brooke Balzarini') /* Ballet 2 */;
INSERT INTO dance_dancers (dance_id, dancer) VALUES (23, 'Addilyn Bichsel') /* Ballet 2 */;
INSERT INTO dance_dancers (dance_id, dancer) VALUES (23, 'Jane Fuss') /* Ballet 2 */;
INSERT INTO dance_dancers (dance_id, dancer) VALUES (23, 'Amelia Haro') /* Ballet 2 */;
INSERT INTO dance_dancers (dance_id, dancer) VALUES (23, 'Joelle Murphy') /* Ballet 2 */;
INSERT INTO dance_dancers (dance_id, dancer) VALUES (23, 'Madeline Nguyen') /* Ballet 2 */;
INSERT INTO dance_dancers (dance_id, dancer) VALUES (23, 'Anneliese Wells') /* Ballet 2 */;
INSERT INTO dance_dancers (dance_id, dancer) VALUES (17, 'Luci Arce') /* Jazz 1 */;
INSERT INTO dance_dancers (dance_id, dancer) VALUES (17, 'Ali Arce') /* Jazz 1 */;
INSERT INTO dance_dancers (dance_id, dancer) VALUES (17, 'Emily Brunk') /* Jazz 1 */;
INSERT INTO dance_dancers (dance_id, dancer) VALUES (17, 'Juliana Conner') /* Jazz 1 */;
INSERT INTO dance_dancers (dance_id, dancer) VALUES (17, 'Lucy Goodson') /* Jazz 1 */;
INSERT INTO dance_dancers (dance_id, dancer) VALUES (17, 'Jenna Meyerhofer') /* Jazz 1 */;
INSERT INTO dance_dancers (dance_id, dancer) VALUES (17, 'Joelle Murphy') /* Jazz 1 */;
INSERT INTO dance_dancers (dance_id, dancer) VALUES (17, 'Zari Nicely') /* Jazz 1 */;
INSERT INTO dance_dancers (dance_id, dancer) VALUES (17, 'Ivan Shkarayev') /* Jazz 1 */;
INSERT INTO dance_dancers (dance_id, dancer) VALUES (17, 'Kira Shkarayeva') /* Jazz 1 */;
INSERT INTO dance_dancers (dance_id, dancer) VALUES (17, 'Mae Simmers') /* Jazz 1 */;
INSERT INTO dance_dancers (dance_id, dancer) VALUES (17, 'Manya Thakur') /* Jazz 1 */;
INSERT INTO dance_dancers (dance_id, dancer) VALUES (26, 'Gianna Arce') /* Jazz 2 */;
INSERT INTO dance_dancers (dance_id, dancer) VALUES (26, 'Julie Burnham') /* Jazz 2 */;
INSERT INTO dance_dancers (dance_id, dancer) VALUES (26, 'Zyah Chandiramani') /* Jazz 2 */;
INSERT INTO dance_dancers (dance_id, dancer) VALUES (26, 'Anysia Chandiramani') /* Jazz 2 */;
INSERT INTO dance_dancers (dance_id, dancer) VALUES (26, 'Peyton Grayson') /* Jazz 2 */;
INSERT INTO dance_dancers (dance_id, dancer) VALUES (26, 'Kate Hoelzen') /* Jazz 2 */;
INSERT INTO dance_dancers (dance_id, dancer) VALUES (26, 'Emma Hoelzen') /* Jazz 2 */;
INSERT INTO dance_dancers (dance_id, dancer) VALUES (26, 'Carson Hunter') /* Jazz 2 */;
INSERT INTO dance_dancers (dance_id, dancer) VALUES (26, 'Charis Morkunas') /* Jazz 2 */;
INSERT INTO dance_dancers (dance_id, dancer) VALUES (26, 'Brynlie Murphy') /* Jazz 2 */;
INSERT INTO dance_dancers (dance_id, dancer) VALUES (26, 'Alex Sims') /* Jazz 2 */;
INSERT INTO dance_dancers (dance_id, dancer) VALUES (26, 'Charlie Hansen') /* Jazz 2 */;
INSERT INTO dance_dancers (dance_id, dancer) VALUES (8, 'Abigail Clark') /* Lyrical/Modern 1 - Monday */;
INSERT INTO dance_dancers (dance_id, dancer) VALUES (8, 'Quinn Dollman') /* Lyrical/Modern 1 - Monday */;
INSERT INTO dance_dancers (dance_id, dancer) VALUES (8, 'Mackenzie Flandrau') /* Lyrical/Modern 1 - Monday */;
INSERT INTO dance_dancers (dance_id, dancer) VALUES (8, 'Zoe Griffin') /* Lyrical/Modern 1 - Monday */;
INSERT INTO dance_dancers (dance_id, dancer) VALUES (8, 'Callie Hayslett') /* Lyrical/Modern 1 - Monday */;
INSERT INTO dance_dancers (dance_id, dancer) VALUES (8, 'Arianna Reddy Kambham') /* Lyrical/Modern 1 - Monday */;
INSERT INTO dance_dancers (dance_id, dancer) VALUES (8, 'Alex Vetter') /* Lyrical/Modern 1 - Monday */;
INSERT INTO dance_dancers (dance_id, dancer) VALUES (8, 'Addison Mills') /* Lyrical/Modern 1 - Monday */;
INSERT INTO dance_dancers (dance_id, dancer) VALUES (8, 'Presleigh Wilson') /* Lyrical/Modern 1 - Monday */;
INSERT INTO dance_dancers (dance_id, dancer) VALUES (18, 'Hanna Abney') /* Lyrical/Modern 1 - Thursday */;
INSERT INTO dance_dancers (dance_id, dancer) VALUES (18, 'Harper Addler') /* Lyrical/Modern 1 - Thursday */;
INSERT INTO dance_dancers (dance_id, dancer) VALUES (18, 'Juliette Boone') /* Lyrical/Modern 1 - Thursday */;
INSERT INTO dance_dancers (dance_id, dancer) VALUES (18, 'Emily Brunk') /* Lyrical/Modern 1 - Thursday */;
INSERT INTO dance_dancers (dance_id, dancer) VALUES (18, 'Emma Elgin') /* Lyrical/Modern 1 - Thursday */;
INSERT INTO dance_dancers (dance_id, dancer) VALUES (18, 'Jillian Heer') /* Lyrical/Modern 1 - Thursday */;
INSERT INTO dance_dancers (dance_id, dancer) VALUES (18, 'Josslyn Heer') /* Lyrical/Modern 1 - Thursday */;
INSERT INTO dance_dancers (dance_id, dancer) VALUES (18, 'Delaney Hernaez') /* Lyrical/Modern 1 - Thursday */;
INSERT INTO dance_dancers (dance_id, dancer) VALUES (18, 'Kate Hoelzen') /* Lyrical/Modern 1 - Thursday */;
INSERT INTO dance_dancers (dance_id, dancer) VALUES (18, 'Amelia Hurtado') /* Lyrical/Modern 1 - Thursday */;
INSERT INTO dance_dancers (dance_id, dancer) VALUES (18, 'Aubree Laavazo') /* Lyrical/Modern 1 - Thursday */;
INSERT INTO dance_dancers (dance_id, dancer) VALUES (18, 'Calista Linger') /* Lyrical/Modern 1 - Thursday */;
INSERT INTO dance_dancers (dance_id, dancer) VALUES (18, 'Emma Vilorio') /* Lyrical/Modern 1 - Thursday */;
INSERT INTO dance_dancers (dance_id, dancer) VALUES (27, 'Lucy Albert') /* Lyrical/Modern 2 */;
INSERT INTO dance_dancers (dance_id, dancer) VALUES (27, 'Tessa Block') /* Lyrical/Modern 2 */;
INSERT INTO dance_dancers (dance_id, dancer) VALUES (27, 'Clara Boone') /* Lyrical/Modern 2 */;
INSERT INTO dance_dancers (dance_id, dancer) VALUES (27, 'Larsyn Callanan-Attebery') /* Lyrical/Modern 2 */;
INSERT INTO dance_dancers (dance_id, dancer) VALUES (27, 'Ryleigh Gower') /* Lyrical/Modern 2 */;
INSERT INTO dance_dancers (dance_id, dancer) VALUES (27, 'Emma Hoelzen') /* Lyrical/Modern 2 */;
INSERT INTO dance_dancers (dance_id, dancer) VALUES (27, 'Olivia Lenhart') /* Lyrical/Modern 2 */;
INSERT INTO dance_dancers (dance_id, dancer) VALUES (27, 'Eden Rawlings') /* Lyrical/Modern 2 */;
INSERT INTO dance_dancers (dance_id, dancer) VALUES (27, 'Vivian Rawlings') /* Lyrical/Modern 2 */;
INSERT INTO dance_dancers (dance_id, dancer) VALUES (27, 'Alex Sims') /* Lyrical/Modern 2 */;
INSERT INTO dance_dancers (dance_id, dancer) VALUES (27, 'Kalina Korito') /* Lyrical/Modern 2 */;
INSERT INTO dance_dancers (dance_id, dancer) VALUES (10, 'Rylie Brown') /* Musical Theater 1 */;
INSERT INTO dance_dancers (dance_id, dancer) VALUES (10, 'Amy Burnham') /* Musical Theater 1 */;
INSERT INTO dance_dancers (dance_id, dancer) VALUES (10, 'Ellie Coffee') /* Musical Theater 1 */;
INSERT INTO dance_dancers (dance_id, dancer) VALUES (10, 'Charlotte Delatorre') /* Musical Theater 1 */;
INSERT INTO dance_dancers (dance_id, dancer) VALUES (10, 'Rylee Eklund') /* Musical Theater 1 */;
INSERT INTO dance_dancers (dance_id, dancer) VALUES (10, 'Beckham Kidd') /* Musical Theater 1 */;
INSERT INTO dance_dancers (dance_id, dancer) VALUES (10, 'Rylie Persons') /* Musical Theater 1 */;
INSERT INTO dance_dancers (dance_id, dancer) VALUES (10, 'Madison Puckett') /* Musical Theater 1 */;
INSERT INTO dance_dancers (dance_id, dancer) VALUES (10, 'Grace Rawlings') /* Musical Theater 1 */;
INSERT INTO dance_dancers (dance_id, dancer) VALUES (10, 'Madison Schroff') /* Musical Theater 1 */;
INSERT INTO dance_dancers (dance_id, dancer) VALUES (9, 'Audree Addler') /* Musical Theater 2 */;
INSERT INTO dance_dancers (dance_id, dancer) VALUES (9, 'Lizzy Bala Bala') /* Musical Theater 2 */;
INSERT INTO dance_dancers (dance_id, dancer) VALUES (9, 'Ava Bervig') /* Musical Theater 2 */;
INSERT INTO dance_dancers (dance_id, dancer) VALUES (9, 'Isla Bervig') /* Musical Theater 2 */;
INSERT INTO dance_dancers (dance_id, dancer) VALUES (9, 'Kenley Block') /* Musical Theater 2 */;
INSERT INTO dance_dancers (dance_id, dancer) VALUES (9, 'Juliette Boone') /* Musical Theater 2 */;
INSERT INTO dance_dancers (dance_id, dancer) VALUES (9, 'Amelia Coates') /* Musical Theater 2 */;
INSERT INTO dance_dancers (dance_id, dancer) VALUES (9, 'Olivia Flandrau') /* Musical Theater 2 */;
INSERT INTO dance_dancers (dance_id, dancer) VALUES (9, 'Carson Hunter') /* Musical Theater 2 */;
INSERT INTO dance_dancers (dance_id, dancer) VALUES (9, 'Emery Kinch') /* Musical Theater 2 */;
INSERT INTO dance_dancers (dance_id, dancer) VALUES (9, 'Eden Rawlings') /* Musical Theater 2 */;
INSERT INTO dance_dancers (dance_id, dancer) VALUES (9, 'Emily Ritter') /* Musical Theater 2 */;
INSERT INTO dance_dancers (dance_id, dancer) VALUES (9, 'Janelle Stayton') /* Musical Theater 2 */;
INSERT INTO dance_dancers (dance_id, dancer) VALUES (9, 'Kate Widney') /* Musical Theater 2 */;
INSERT INTO dance_dancers (dance_id, dancer) VALUES (9, 'Madison Widney') /* Musical Theater 2 */;
INSERT INTO dance_dancers (dance_id, dancer) VALUES (19, 'Madi Akert') /* Musical Theater 3 */;
INSERT INTO dance_dancers (dance_id, dancer) VALUES (19, 'Olivia Bervig') /* Musical Theater 3 */;
INSERT INTO dance_dancers (dance_id, dancer) VALUES (19, 'Tessa Block') /* Musical Theater 3 */;
INSERT INTO dance_dancers (dance_id, dancer) VALUES (19, 'Briddian Demas') /* Musical Theater 3 */;
INSERT INTO dance_dancers (dance_id, dancer) VALUES (19, 'Olivia Lenhart') /* Musical Theater 3 */;
INSERT INTO dance_dancers (dance_id, dancer) VALUES (19, 'Caitlin O''Connor') /* Musical Theater 3 */;
INSERT INTO dance_dancers (dance_id, dancer) VALUES (19, 'Vivian Rawlings') /* Musical Theater 3 */;
INSERT INTO dance_dancers (dance_id, dancer) VALUES (19, 'Alex Sims') /* Musical Theater 3 */;
INSERT INTO dance_dancers (dance_id, dancer) VALUES (19, 'Megan Henze') /* Musical Theater 3 */;
INSERT INTO dance_dancers (dance_id, dancer) VALUES (28, 'Clara Boone') /* Musical Theater: High School */;
INSERT INTO dance_dancers (dance_id, dancer) VALUES (28, 'Wae Callanan-Attebery') /* Musical Theater: High School */;
INSERT INTO dance_dancers (dance_id, dancer) VALUES (28, 'Maia Hunter') /* Musical Theater: High School */;
INSERT INTO dance_dancers (dance_id, dancer) VALUES (28, 'Maddie Massaro') /* Musical Theater: High School */;
INSERT INTO dance_dancers (dance_id, dancer) VALUES (28, 'Bailey Meyer') /* Musical Theater: High School */;
INSERT INTO dance_dancers (dance_id, dancer) VALUES (28, 'Phoenix-Dawn Morkunas') /* Musical Theater: High School */;
INSERT INTO dance_dancers (dance_id, dancer) VALUES (28, 'Kekoalakakapono Morkunas') /* Musical Theater: High School */;
INSERT INTO dance_dancers (dance_id, dancer) VALUES (28, 'Maleah Poku') /* Musical Theater: High School */;
INSERT INTO dance_dancers (dance_id, dancer) VALUES (28, 'Rebekah Poku') /* Musical Theater: High School */;
INSERT INTO dance_dancers (dance_id, dancer) VALUES (28, 'Mikaela Wells') /* Musical Theater: High School */;
INSERT INTO dance_dancers (dance_id, dancer) VALUES (34, 'Violet Aleo') /* Pre-Ballet & Acro Wednesday */;
INSERT INTO dance_dancers (dance_id, dancer) VALUES (34, 'Ryann Bragg') /* Pre-Ballet & Acro Wednesday */;
INSERT INTO dance_dancers (dance_id, dancer) VALUES (34, 'Maisie Cantieni') /* Pre-Ballet & Acro Wednesday */;
INSERT INTO dance_dancers (dance_id, dancer) VALUES (34, 'Jacqueline Humbles') /* Pre-Ballet & Acro Wednesday */;
INSERT INTO dance_dancers (dance_id, dancer) VALUES (34, 'Rory Krueger') /* Pre-Ballet & Acro Wednesday */;
INSERT INTO dance_dancers (dance_id, dancer) VALUES (34, 'Addison Mattingly') /* Pre-Ballet & Acro Wednesday */;
INSERT INTO dance_dancers (dance_id, dancer) VALUES (34, 'Brooklyn Miller') /* Pre-Ballet & Acro Wednesday */;
INSERT INTO dance_dancers (dance_id, dancer) VALUES (34, 'Chloe Minani') /* Pre-Ballet & Acro Wednesday */;
INSERT INTO dance_dancers (dance_id, dancer) VALUES (34, 'Elora Tacheny') /* Pre-Ballet & Acro Wednesday */;
INSERT INTO dance_dancers (dance_id, dancer) VALUES (34, 'Maezlyn Wiese') /* Pre-Ballet & Acro Wednesday */;
INSERT INTO dance_dancers (dance_id, dancer) VALUES (35, 'Violet Aleo') /* Pre-Ballet & Acro Wednesday */;
INSERT INTO dance_dancers (dance_id, dancer) VALUES (35, 'Ryann Bragg') /* Pre-Ballet & Acro Wednesday */;
INSERT INTO dance_dancers (dance_id, dancer) VALUES (35, 'Maisie Cantieni') /* Pre-Ballet & Acro Wednesday */;
INSERT INTO dance_dancers (dance_id, dancer) VALUES (35, 'Jacqueline Humbles') /* Pre-Ballet & Acro Wednesday */;
INSERT INTO dance_dancers (dance_id, dancer) VALUES (35, 'Rory Krueger') /* Pre-Ballet & Acro Wednesday */;
INSERT INTO dance_dancers (dance_id, dancer) VALUES (35, 'Addison Mattingly') /* Pre-Ballet & Acro Wednesday */;
INSERT INTO dance_dancers (dance_id, dancer) VALUES (35, 'Brooklyn Miller') /* Pre-Ballet & Acro Wednesday */;
INSERT INTO dance_dancers (dance_id, dancer) VALUES (35, 'Chloe Minani') /* Pre-Ballet & Acro Wednesday */;
INSERT INTO dance_dancers (dance_id, dancer) VALUES (35, 'Elora Tacheny') /* Pre-Ballet & Acro Wednesday */;
INSERT INTO dance_dancers (dance_id, dancer) VALUES (35, 'Maezlyn Wiese') /* Pre-Ballet & Acro Wednesday */;
INSERT INTO dance_dancers (dance_id, dancer) VALUES (36, 'Audrey Bland') /* Pre-Ballet & Acro Thursday */;
INSERT INTO dance_dancers (dance_id, dancer) VALUES (36, 'Emilia Erickson') /* Pre-Ballet & Acro Thursday */;
INSERT INTO dance_dancers (dance_id, dancer) VALUES (36, 'Adalynn Malcolm') /* Pre-Ballet & Acro Thursday */;
INSERT INTO dance_dancers (dance_id, dancer) VALUES (36, 'Jamieson Migliorino') /* Pre-Ballet & Acro Thursday */;
INSERT INTO dance_dancers (dance_id, dancer) VALUES (36, 'Grace Molina') /* Pre-Ballet & Acro Thursday */;
INSERT INTO dance_dancers (dance_id, dancer) VALUES (36, 'Zoey Moore') /* Pre-Ballet & Acro Thursday */;
INSERT INTO dance_dancers (dance_id, dancer) VALUES (36, 'Hallie Riewold') /* Pre-Ballet & Acro Thursday */;
INSERT INTO dance_dancers (dance_id, dancer) VALUES (36, 'Alexandra Stonham') /* Pre-Ballet & Acro Thursday */;
INSERT INTO dance_dancers (dance_id, dancer) VALUES (36, 'Ariah Baxter') /* Pre-Ballet & Acro Thursday */;
INSERT INTO dance_dancers (dance_id, dancer) VALUES (36, 'Brooksie Schuitema') /* Pre-Ballet & Acro Thursday */;
INSERT INTO dance_dancers (dance_id, dancer) VALUES (36, 'Eliana Macrides') /* Pre-Ballet & Acro Thursday */;
INSERT INTO dance_dancers (dance_id, dancer) VALUES (37, 'Audrey Bland') /* Pre-Ballet & Acro Thursday */;
INSERT INTO dance_dancers (dance_id, dancer) VALUES (37, 'Emilia Erickson') /* Pre-Ballet & Acro Thursday */;
INSERT INTO dance_dancers (dance_id, dancer) VALUES (37, 'Adalynn Malcolm') /* Pre-Ballet & Acro Thursday */;
INSERT INTO dance_dancers (dance_id, dancer) VALUES (37, 'Jamieson Migliorino') /* Pre-Ballet & Acro Thursday */;
INSERT INTO dance_dancers (dance_id, dancer) VALUES (37, 'Grace Molina') /* Pre-Ballet & Acro Thursday */;
INSERT INTO dance_dancers (dance_id, dancer) VALUES (37, 'Zoey Moore') /* Pre-Ballet & Acro Thursday */;
INSERT INTO dance_dancers (dance_id, dancer) VALUES (37, 'Hallie Riewold') /* Pre-Ballet & Acro Thursday */;
INSERT INTO dance_dancers (dance_id, dancer) VALUES (37, 'Alexandra Stonham') /* Pre-Ballet & Acro Thursday */;
INSERT INTO dance_dancers (dance_id, dancer) VALUES (37, 'Ariah Baxter') /* Pre-Ballet & Acro Thursday */;
INSERT INTO dance_dancers (dance_id, dancer) VALUES (37, 'Brooksie Schuitema') /* Pre-Ballet & Acro Thursday */;
INSERT INTO dance_dancers (dance_id, dancer) VALUES (37, 'Eliana Macrides') /* Pre-Ballet & Acro Thursday */;
INSERT INTO dance_dancers (dance_id, dancer) VALUES (38, 'Ariella Burdette') /* Pre-Ballet & Tap A - Wednesday */;
INSERT INTO dance_dancers (dance_id, dancer) VALUES (38, 'Amelia Clark') /* Pre-Ballet & Tap A - Wednesday */;
INSERT INTO dance_dancers (dance_id, dancer) VALUES (38, 'Noelle Gunnell') /* Pre-Ballet & Tap A - Wednesday */;
INSERT INTO dance_dancers (dance_id, dancer) VALUES (38, 'Chloe Hale-Banks') /* Pre-Ballet & Tap A - Wednesday */;
INSERT INTO dance_dancers (dance_id, dancer) VALUES (38, 'Eve Laun') /* Pre-Ballet & Tap A - Wednesday */;
INSERT INTO dance_dancers (dance_id, dancer) VALUES (38, 'Delaney Ogden') /* Pre-Ballet & Tap A - Wednesday */;
INSERT INTO dance_dancers (dance_id, dancer) VALUES (38, 'Juliette Ogden') /* Pre-Ballet & Tap A - Wednesday */;
INSERT INTO dance_dancers (dance_id, dancer) VALUES (38, 'Riley Ratkovich') /* Pre-Ballet & Tap A - Wednesday */;
INSERT INTO dance_dancers (dance_id, dancer) VALUES (38, 'Amelia Ratkovich') /* Pre-Ballet & Tap A - Wednesday */;
INSERT INTO dance_dancers (dance_id, dancer) VALUES (38, 'Ella Stan') /* Pre-Ballet & Tap A - Wednesday */;
INSERT INTO dance_dancers (dance_id, dancer) VALUES (39, 'Ariella Burdette') /* Pre-Ballet & Tap A - Wednesday */;
INSERT INTO dance_dancers (dance_id, dancer) VALUES (39, 'Amelia Clark') /* Pre-Ballet & Tap A - Wednesday */;
INSERT INTO dance_dancers (dance_id, dancer) VALUES (39, 'Noelle Gunnell') /* Pre-Ballet & Tap A - Wednesday */;
INSERT INTO dance_dancers (dance_id, dancer) VALUES (39, 'Chloe Hale-Banks') /* Pre-Ballet & Tap A - Wednesday */;
INSERT INTO dance_dancers (dance_id, dancer) VALUES (39, 'Eve Laun') /* Pre-Ballet & Tap A - Wednesday */;
INSERT INTO dance_dancers (dance_id, dancer) VALUES (39, 'Delaney Ogden') /* Pre-Ballet & Tap A - Wednesday */;
INSERT INTO dance_dancers (dance_id, dancer) VALUES (39, 'Juliette Ogden') /* Pre-Ballet & Tap A - Wednesday */;
INSERT INTO dance_dancers (dance_id, dancer) VALUES (39, 'Riley Ratkovich') /* Pre-Ballet & Tap A - Wednesday */;
INSERT INTO dance_dancers (dance_id, dancer) VALUES (39, 'Amelia Ratkovich') /* Pre-Ballet & Tap A - Wednesday */;
INSERT INTO dance_dancers (dance_id, dancer) VALUES (39, 'Ella Stan') /* Pre-Ballet & Tap A - Wednesday */;
INSERT INTO dance_dancers (dance_id, dancer) VALUES (32, 'Sophie Catuna') /* Pre-Ballet & Tap B&C - Wed - Marissa */;
INSERT INTO dance_dancers (dance_id, dancer) VALUES (32, 'Angelica Catuna') /* Pre-Ballet & Tap B&C - Wed - Marissa */;
INSERT INTO dance_dancers (dance_id, dancer) VALUES (32, 'Hannah Ratiu') /* Pre-Ballet & Tap B&C - Wed - Marissa */;
INSERT INTO dance_dancers (dance_id, dancer) VALUES (32, 'Mia Segura') /* Pre-Ballet & Tap B&C - Wed - Marissa */;
INSERT INTO dance_dancers (dance_id, dancer) VALUES (32, 'Sofia Nava') /* Pre-Ballet & Tap B&C - Wed - Marissa */;
INSERT INTO dance_dancers (dance_id, dancer) VALUES (33, 'Sophie Catuna') /* Pre-Ballet & Tap B&C - Wed - Marissa */;
INSERT INTO dance_dancers (dance_id, dancer) VALUES (33, 'Angelica Catuna') /* Pre-Ballet & Tap B&C - Wed - Marissa */;
INSERT INTO dance_dancers (dance_id, dancer) VALUES (33, 'Hannah Ratiu') /* Pre-Ballet & Tap B&C - Wed - Marissa */;
INSERT INTO dance_dancers (dance_id, dancer) VALUES (33, 'Mia Segura') /* Pre-Ballet & Tap B&C - Wed - Marissa */;
INSERT INTO dance_dancers (dance_id, dancer) VALUES (33, 'Sofia Nava') /* Pre-Ballet & Tap B&C - Wed - Marissa */;
INSERT INTO dance_dancers (dance_id, dancer) VALUES (40, 'Emmaline Ashton') /* Pre-Ballet & Tap B&C - Wed - Jillian */;
INSERT INTO dance_dancers (dance_id, dancer) VALUES (40, 'Presley Grubor') /* Pre-Ballet & Tap B&C - Wed - Jillian */;
INSERT INTO dance_dancers (dance_id, dancer) VALUES (40, 'Hannah DeSpain') /* Pre-Ballet & Tap B&C - Wed - Jillian */;
INSERT INTO dance_dancers (dance_id, dancer) VALUES (40, 'Aria Musarra') /* Pre-Ballet & Tap B&C - Wed - Jillian */;
INSERT INTO dance_dancers (dance_id, dancer) VALUES (40, 'Lilah Norris') /* Pre-Ballet & Tap B&C - Wed - Jillian */;
INSERT INTO dance_dancers (dance_id, dancer) VALUES (40, 'Teagan Turley') /* Pre-Ballet & Tap B&C - Wed - Jillian */;
INSERT INTO dance_dancers (dance_id, dancer) VALUES (40, 'Jessica Scorzetti') /* Pre-Ballet & Tap B&C - Wed - Jillian */;
INSERT INTO dance_dancers (dance_id, dancer) VALUES (41, 'Emmaline Ashton') /* Pre-Ballet & Tap B&C - Wed - Jillian */;
INSERT INTO dance_dancers (dance_id, dancer) VALUES (41, 'Presley Grubor') /* Pre-Ballet & Tap B&C - Wed - Jillian */;
INSERT INTO dance_dancers (dance_id, dancer) VALUES (41, 'Hannah DeSpain') /* Pre-Ballet & Tap B&C - Wed - Jillian */;
INSERT INTO dance_dancers (dance_id, dancer) VALUES (41, 'Aria Musarra') /* Pre-Ballet & Tap B&C - Wed - Jillian */;
INSERT INTO dance_dancers (dance_id, dancer) VALUES (41, 'Lilah Norris') /* Pre-Ballet & Tap B&C - Wed - Jillian */;
INSERT INTO dance_dancers (dance_id, dancer) VALUES (41, 'Teagan Turley') /* Pre-Ballet & Tap B&C - Wed - Jillian */;
INSERT INTO dance_dancers (dance_id, dancer) VALUES (41, 'Jessica Scorzetti') /* Pre-Ballet & Tap B&C - Wed - Jillian */;
INSERT INTO dance_dancers (dance_id, dancer) VALUES (42, 'Jane Hicks') /* Pre-Ballet & Tap D - Thursday */;
INSERT INTO dance_dancers (dance_id, dancer) VALUES (42, 'Penelope Hicks') /* Pre-Ballet & Tap D - Thursday */;
INSERT INTO dance_dancers (dance_id, dancer) VALUES (42, 'Addie Knisley') /* Pre-Ballet & Tap D - Thursday */;
INSERT INTO dance_dancers (dance_id, dancer) VALUES (42, 'Isabella Ma') /* Pre-Ballet & Tap D - Thursday */;
INSERT INTO dance_dancers (dance_id, dancer) VALUES (42, 'Pearl Nielsen') /* Pre-Ballet & Tap D - Thursday */;
INSERT INTO dance_dancers (dance_id, dancer) VALUES (42, 'Mixon Jakubos') /* Pre-Ballet & Tap D - Thursday */;
INSERT INTO dance_dancers (dance_id, dancer) VALUES (43, 'Jane Hicks') /* Pre-Ballet & Tap D - Thursday */;
INSERT INTO dance_dancers (dance_id, dancer) VALUES (43, 'Penelope Hicks') /* Pre-Ballet & Tap D - Thursday */;
INSERT INTO dance_dancers (dance_id, dancer) VALUES (43, 'Addie Knisley') /* Pre-Ballet & Tap D - Thursday */;
INSERT INTO dance_dancers (dance_id, dancer) VALUES (43, 'Isabella Ma') /* Pre-Ballet & Tap D - Thursday */;
INSERT INTO dance_dancers (dance_id, dancer) VALUES (43, 'Pearl Nielsen') /* Pre-Ballet & Tap D - Thursday */;
INSERT INTO dance_dancers (dance_id, dancer) VALUES (43, 'Mixon Jakubos') /* Pre-Ballet & Tap D - Thursday */;
INSERT INTO dance_dancers (dance_id, dancer) VALUES (30, 'Winnie Ady') /* Pre-Ballet & Tap E - Thursday */;
INSERT INTO dance_dancers (dance_id, dancer) VALUES (30, 'Margot Denney') /* Pre-Ballet & Tap E - Thursday */;
INSERT INTO dance_dancers (dance_id, dancer) VALUES (30, 'Ava Elgin') /* Pre-Ballet & Tap E - Thursday */;
INSERT INTO dance_dancers (dance_id, dancer) VALUES (30, 'Quinn Fo') /* Pre-Ballet & Tap E - Thursday */;
INSERT INTO dance_dancers (dance_id, dancer) VALUES (30, 'Lo Holloway') /* Pre-Ballet & Tap E - Thursday */;
INSERT INTO dance_dancers (dance_id, dancer) VALUES (30, 'Charlotte Hughes') /* Pre-Ballet & Tap E - Thursday */;
INSERT INTO dance_dancers (dance_id, dancer) VALUES (30, 'Keturah Lynch') /* Pre-Ballet & Tap E - Thursday */;
INSERT INTO dance_dancers (dance_id, dancer) VALUES (30, 'Sadie McCrite') /* Pre-Ballet & Tap E - Thursday */;
INSERT INTO dance_dancers (dance_id, dancer) VALUES (30, 'Eden Rosinbum') /* Pre-Ballet & Tap E - Thursday */;
INSERT INTO dance_dancers (dance_id, dancer) VALUES (30, 'Elyssa Weidman') /* Pre-Ballet & Tap E - Thursday */;
INSERT INTO dance_dancers (dance_id, dancer) VALUES (31, 'Winnie Ady') /* Pre-Ballet & Tap E - Thursday */;
INSERT INTO dance_dancers (dance_id, dancer) VALUES (31, 'Margot Denney') /* Pre-Ballet & Tap E - Thursday */;
INSERT INTO dance_dancers (dance_id, dancer) VALUES (31, 'Ava Elgin') /* Pre-Ballet & Tap E - Thursday */;
INSERT INTO dance_dancers (dance_id, dancer) VALUES (31, 'Quinn Fo') /* Pre-Ballet & Tap E - Thursday */;
INSERT INTO dance_dancers (dance_id, dancer) VALUES (31, 'Lo Holloway') /* Pre-Ballet & Tap E - Thursday */;
INSERT INTO dance_dancers (dance_id, dancer) VALUES (31, 'Charlotte Hughes') /* Pre-Ballet & Tap E - Thursday */;
INSERT INTO dance_dancers (dance_id, dancer) VALUES (31, 'Keturah Lynch') /* Pre-Ballet & Tap E - Thursday */;
INSERT INTO dance_dancers (dance_id, dancer) VALUES (31, 'Sadie McCrite') /* Pre-Ballet & Tap E - Thursday */;
INSERT INTO dance_dancers (dance_id, dancer) VALUES (31, 'Eden Rosinbum') /* Pre-Ballet & Tap E - Thursday */;
INSERT INTO dance_dancers (dance_id, dancer) VALUES (31, 'Elyssa Weidman') /* Pre-Ballet & Tap E - Thursday */;
INSERT INTO dance_dancers (dance_id, dancer) VALUES (20, 'Eloise Arena') /* Tap 1 */;
INSERT INTO dance_dancers (dance_id, dancer) VALUES (20, 'Rylie Brown') /* Tap 1 */;
INSERT INTO dance_dancers (dance_id, dancer) VALUES (20, 'Juliana Conner') /* Tap 1 */;
INSERT INTO dance_dancers (dance_id, dancer) VALUES (20, 'Ellie Garibaldi') /* Tap 1 */;
INSERT INTO dance_dancers (dance_id, dancer) VALUES (20, 'Summer Lynch') /* Tap 1 */;
INSERT INTO dance_dancers (dance_id, dancer) VALUES (20, 'Eleanor Mann') /* Tap 1 */;
INSERT INTO dance_dancers (dance_id, dancer) VALUES (20, 'Madeline O''Connor') /* Tap 1 */;
INSERT INTO dance_dancers (dance_id, dancer) VALUES (20, 'Gabriela Ortiz') /* Tap 1 */;
INSERT INTO dance_dancers (dance_id, dancer) VALUES (20, 'Rylie Persons') /* Tap 1 */;
INSERT INTO dance_dancers (dance_id, dancer) VALUES (20, 'Madison Puckett') /* Tap 1 */;
INSERT INTO dance_dancers (dance_id, dancer) VALUES (20, 'Makenna Reeves') /* Tap 1 */;
INSERT INTO dance_dancers (dance_id, dancer) VALUES (20, 'Madison Schroff') /* Tap 1 */;
INSERT INTO dance_dancers (dance_id, dancer) VALUES (20, 'Kira Shkarayeva') /* Tap 1 */;
INSERT INTO dance_dancers (dance_id, dancer) VALUES (20, 'Ava Wolter') /* Tap 1 */;
INSERT INTO dance_dancers (dance_id, dancer) VALUES (20, 'Gracen Kantaras') /* Tap 1 */;
INSERT INTO dance_dancers (dance_id, dancer) VALUES (29, 'Isla Bervig') /* Tap 2 */;
INSERT INTO dance_dancers (dance_id, dancer) VALUES (29, 'Kenley Block') /* Tap 2 */;
INSERT INTO dance_dancers (dance_id, dancer) VALUES (29, 'Juliette Boone') /* Tap 2 */;
INSERT INTO dance_dancers (dance_id, dancer) VALUES (29, 'Anysia Chandiramani') /* Tap 2 */;
INSERT INTO dance_dancers (dance_id, dancer) VALUES (29, 'Zyah Chandiramani') /* Tap 2 */;
INSERT INTO dance_dancers (dance_id, dancer) VALUES (29, 'Ellie Coffee') /* Tap 2 */;
INSERT INTO dance_dancers (dance_id, dancer) VALUES (29, 'Carson Hunter') /* Tap 2 */;
INSERT INTO dance_dancers (dance_id, dancer) VALUES (29, 'Avery Kidd') /* Tap 2 */;
INSERT INTO dance_dancers (dance_id, dancer) VALUES (29, 'Charis Morkunas') /* Tap 2 */;
INSERT INTO dance_dancers (dance_id, dancer) VALUES (29, 'Grace Rawlings') /* Tap 2 */;
INSERT INTO dance_dancers (dance_id, dancer) VALUES (29, 'Ivan Shkarayev') /* Tap 2 */;
INSERT INTO dance_dancers (dance_id, dancer) VALUES (29, 'Ali Nava') /* Tap 2 */;
INSERT INTO dance_dancers (dance_id, dancer) VALUES (11, 'Olivia Bervig') /* Tap 3 */;
INSERT INTO dance_dancers (dance_id, dancer) VALUES (11, 'Ava Bervig') /* Tap 3 */;
INSERT INTO dance_dancers (dance_id, dancer) VALUES (11, 'Tessa Block') /* Tap 3 */;
INSERT INTO dance_dancers (dance_id, dancer) VALUES (11, 'Asher Boone') /* Tap 3 */;
INSERT INTO dance_dancers (dance_id, dancer) VALUES (11, 'Clara Boone') /* Tap 3 */;
INSERT INTO dance_dancers (dance_id, dancer) VALUES (11, 'Emmanuelle Carnahan') /* Tap 3 */;
INSERT INTO dance_dancers (dance_id, dancer) VALUES (11, 'Jodi DeLaTorre') /* Tap 3 */;
INSERT INTO dance_dancers (dance_id, dancer) VALUES (11, 'Addison Meng') /* Tap 3 */;
INSERT INTO dance_dancers (dance_id, dancer) VALUES (11, 'Maia Hunter') /* Tap 3 */;
INSERT INTO dance_dancers (dance_id, dancer) VALUES (11, 'Phoenix-Dawn Morkunas') /* Tap 3 */;
INSERT INTO dance_dancers (dance_id, dancer) VALUES (11, 'Eden Rawlings') /* Tap 3 */;
INSERT INTO dance_dancers (dance_id, dancer) VALUES (11, 'Jonah Wells') /* Tap 3 */;
INSERT INTO dance_dancers (dance_id, dancer) VALUES (11, 'Anneliese Wells') /* Tap 3 */;
